label,source,backup,boosted,status,sample_rate,channels,sample_width,frames,duration_sec,original_peak,gain_factor,boosted_peak,source_sha256,boosted_sha256
PLAY_MUSIC,responses/play_music.wav,responses_original_pre_boost_20260929/play_music.wav,responses_boosted/play_music_boosted.wav,BOOSTED_PEAK_NORMALIZED,16000,1,2,5120,0.320000,8191,4.000366,32767,1a99e1192c88462831ea35d50897b70ea574d946a0af668b27e33028d0ad72ca,b9abdebfb887dd4faf600864b0ade435722c80bd97f818ecbcb849a191cb4302
WEATHER,responses/weather.wav,responses_original_pre_boost_20260929/weather.wav,responses_boosted/weather_boosted.wav,BOOSTED_PEAK_NORMALIZED,16000,1,2,5120,0.320000,8191,4.000366,32767,c2c21c0589b127e478c317523f820061a489690a13a16a13027c77e9bf8a2b4f,f2f41bbdcc0756e90a27bc98f96acb594c27f8ff9ca190a3b400eb21db2789e0
LIGHT_ON,responses/light_on.wav,responses_original_pre_boost_20260929/light_on.wav,responses_boosted/light_on_boosted.wav,BOOSTED_PEAK_NORMALIZED,16000,1,2,5120,0.320000,8191,4.000366,32767,504f9ed754c6f043d6194d9474f1d8cc812e18f3e281b691b474e6a4e5ff0b4d,99accb350e55ec49ce67a420283eae13e5d0d691259f14cab363339aab8c1d16
LIGHT_OFF,responses/light_off.wav,responses_original_pre_boost_20260929/light_off.wav,responses_boosted/light_off_boosted.wav,BOOSTED_PEAK_NORMALIZED,16000,1,2,5120,0.320000,8191,4.000366,32767,0461b6154188ec7460fcdeb2ee0bcf2f977d50f081862615639d1a31db8a8b82,bec2ea6d4aa10b1e662c369dcb2460e6361f660e45a58b71514b3b6bf55c6595
LIGHT_DIM,responses/light_dim.wav,responses_original_pre_boost_20260929/light_dim.wav,responses_boosted/light_dim_boosted.wav,BOOSTED_PEAK_NORMALIZED,16000,1,2,5120,0.320000,8191,4.000366,32767,45582a1df7826d3cffd8b8443f0e3963cf8ffed417876da8317e638e0a7cd72c,1ff792903ab55f53d70e35bb3955ed1b2013a7d771fc9eda1e5d124ba47526eb
TIMER,responses/timer.wav,responses_original_pre_boost_20260929/timer.wav,responses_boosted/timer_boosted.wav,BOOSTED_PEAK_NORMALIZED,16000,1,2,5120,0.320000,8191,4.000366,32767,6e30bb87aade322c7dce83400a2b3110bb42448cda2d366f5ccc367d8e59386d,800883830333767765c82c3f95100f1097e4f13c92f55820a997096e575c9245
ALARM,responses/alarm.wav,responses_original_pre_boost_20260929/alarm.wav,responses_boosted/alarm_boosted.wav,BOOSTED_PEAK_NORMALIZED,16000,1,2,5120,0.320000,8191,4.000366,32767,6e9430089197d3c3adb799d9e8697de26da33d25f2c88684bb1fe6b4b8d68020,7a9505e7b187c79d60f6dfb20f3dca827de5d334644a43213b8f110209141884
NEXT,responses/next.wav,responses_original_pre_boost_20260929/next.wav,responses_boosted/next_boosted.wav,BOOSTED_PEAK_NORMALIZED,16000,1,2,5120,0.320000,8191,4.000366,32767,87cdacb5a3a10a99ff69b8e8b6028aa76dd392c40718ca5dd41eac9f9cc94826,80be62fa4233278101d81a804920c7deae3766b00d222b79f1acd5876e338f38
PAUSE,responses/pause.wav,responses_original_pre_boost_20260929/pause.wav,responses_boosted/pause_boosted.wav,BOOSTED_PEAK_NORMALIZED,16000,1,2,5120,0.320000,8191,4.000366,32767,f234910ce475a953d3f9c7e1f1c66e93067494ef180f62a085957f2859da059f,63da32fb712cf26735b40fe23361c6a0d57f0167e4f8c50e8f939fe64c702538
STOP,responses/stop.wav,responses_original_pre_boost_20260929/stop.wav,responses_boosted/stop_boosted.wav,BOOSTED_PEAK_NORMALIZED,16000,1,2,5120,0.320000,8191,4.000366,32767,6c92e9cdbb567f20e8969eb86693a70ac723b1c9ca73926d7050a047e6d65ce3,638819784fa0cf1522afae0deaa1a6024d8ea64cdde8c7238694ee35980fcf0b
CREATE_REMINDER,responses/create_reminder.wav,responses_original_pre_boost_20260929/create_reminder.wav,responses_boosted/create_reminder_boosted.wav,BOOSTED_PEAK_NORMALIZED,16000,1,2,5120,0.320000,8191,4.000366,32767,965e1ed0fb2607e5d885a0caa79840e42b907b2052c8385d6524133faff29d3e,62fbe5799ffeea1d9c7c8d6c01b958503942606b69cd0c16e5050ae1cea6c498
LIST_REMINDERS,responses/list_reminders.wav,responses_original_pre_boost_20260929/list_reminders.wav,responses_boosted/list_reminders_boosted.wav,BOOSTED_PEAK_NORMALIZED,16000,1,2,5120,0.320000,8191,4.000366,32767,4b945abc786374bc44c606dde7c4537b8f7dc40425394cf7ee7ebc11dac0c9ad,1d1a6668ec83ccdbedf8e29480bfa057a7fa128448cec8e2ebcd72e52a384ebc
MESSAGE,responses/message.wav,responses_original_pre_boost_20260929/message.wav,responses_boosted/message_boosted.wav,BOOSTED_PEAK_NORMALIZED,16000,1,2,5120,0.320000,8191,4.000366,32767,1986cce56d910c620e48105dab6b543d86aba2ebbfb56be99035a4804b8729bd,2f876889ae04ccd2368ec08a65a5395b9d2a41326eb70de354da960990ef2dc8
UNKNOWN,responses/rejected.wav,responses_original_pre_boost_20260929/rejected.wav,responses_boosted/rejected_boosted.wav,BOOSTED_PEAK_NORMALIZED,16000,1,2,2880,0.180000,8191,4.000366,32767,0c9cd7aab07d81f2db729ae9b458f04eb266ea8e4b0a5845c9ab7b386b90bb1c,d2f0d262bd8ea7609728dab71e31e3be80264b13e60356b7e24c1637a6f8d47f
TIME,responses/time.wav,responses_original_pre_boost_20260929/time.wav,responses_boosted/time_boosted.wav,BOOSTED_PEAK_NORMALIZED,16000,1,2,5120,0.320000,8191,4.000366,32767,c76cdfe54142eb6851262ff46b3a75729bf202c74eb043e160a47d1fc2d7e6b9,07d86d27361a0bae4a0808a7685a6d7f5a478a94ee82e86f1bcde767404d7604
BRIGHTNESS,responses/brightness.wav,responses_original_pre_boost_20260929/brightness.wav,responses_boosted/brightness_boosted.wav,BOOSTED_PEAK_NORMALIZED,16000,1,2,5120,0.320000,8191,4.000366,32767,5ed105e531c1f63a637c748b65b567fc29eb1f8e95c9cf2fd6907c816e37892f,5009e3e445ea2857a1ffff2f3814008340b7c009903277d642c3380af98b1561
TEMPERATURE,responses/temperature.wav,responses_original_pre_boost_20260929/temperature.wav,responses_boosted/temperature_boosted.wav,BOOSTED_PEAK_NORMALIZED,16000,1,2,5120,0.320000,8191,4.000366,32767,d006294b4cdb4d5d38b7a2be4fcea83a9ad9ea5af4f363a897e52367206f2eb3,d20cc78f3297c1820c3ab0e827c067c47225f56cf522732dcf475ef41bea3e8f
VOLUME_UP,responses/volume_up.wav,responses_original_pre_boost_20260929/volume_up.wav,responses_boosted/volume_up_boosted.wav,BOOSTED_PEAK_NORMALIZED,16000,1,2,5120,0.320000,8191,4.000366,32767,07e7a93fc5707787220308c49069a37e5d52af36a5607f676500f63282f3c46e,7b8db84f6df25b89d31167822de25dfca5319a1417942babdcce29fbde12b396
VOLUME_DOWN,responses/volume_down.wav,responses_original_pre_boost_20260929/volume_down.wav,responses_boosted/volume_down_boosted.wav,BOOSTED_PEAK_NORMALIZED,16000,1,2,5120,0.320000,8191,4.000366,32767,f1934b7ac40a96c2b88a4b744a62abd03c28b7fb83d683156868ff41867e346c,38b1d87633e8073d12546580b18ecb01688d3387628053776d38f3398d57171c
CALL,responses/call.wav,responses_original_pre_boost_20260929/call.wav,responses_boosted/call_boosted.wav,BOOSTED_PEAK_NORMALIZED,16000,1,2,5120,0.320000,8191,4.000366,32767,0d43c7d12852e5ea3c326175e81ec0ba3bdb59bfc8b9183f82e9d9c881bf339f,a09c76cabccb9939a1fdfbf762e35589dc083a0a8108f751da1ab06068b9e619
